seed,basin,original_nse,ordered_feasible_nse,paired_nse_decline,nse_declines
11,01022500,0.5939282178878784,0.3622589111328125,0.23166930675506592,True
11,01031500,0.6414082646369934,0.5539127588272095,0.08749550580978394,True
11,01047000,0.5574759244918823,0.4257700443267822,0.1317058801651001,True
11,01052500,0.6122169494628906,0.6011868715286255,0.011030077934265137,True
11,01055000,0.5183446407318115,0.4848766326904297,0.033468008041381836,True
11,01057000,0.54804527759552,0.1780044436454773,0.3700408339500427,True
11,01073000,0.6328579783439636,0.4789429306983948,0.15391504764556885,True
11,01123000,0.5423578023910522,0.17360681295394897,0.36875098943710327,True
11,01169000,0.6911195516586304,0.568747878074646,0.12237167358398438,True
11,01181000,0.6773389577865601,0.5767651796340942,0.10057377815246582,True
11,01187300,0.6305160522460938,0.47834354639053345,0.1521725058555603,True
11,01195100,0.5858133435249329,0.15950512886047363,0.42630821466445923,True
11,01350000,0.6916072368621826,0.562915563583374,0.1286916732788086,True
11,01350140,0.5359668731689453,0.1500440239906311,0.3859228491783142,True
11,01365000,0.6688199043273926,0.548040509223938,0.12077939510345459,True
11,01413500,0.5842533111572266,0.16082537174224854,0.423427939414978,True
11,01414500,0.5532452464103699,0.20611709356307983,0.34712815284729004,True
11,01415000,0.5439510345458984,0.08563756942749023,0.4583134651184082,True
11,01423000,0.6173168420791626,0.36985325813293457,0.24746358394622803,True
11,01435000,0.6392936110496521,0.5822272300720215,0.057066380977630615,True
11,01439500,0.588446855545044,0.4293516278266907,0.15909522771835327,True
11,01440000,0.6011442542076111,0.17492276430130005,0.42622148990631104,True
11,01440400,0.615957498550415,0.541332483291626,0.07462501525878906,True
11,01510000,0.6883881092071533,0.48214268684387207,0.20624542236328125,True
11,01539000,0.5613698363304138,0.49365168809890747,0.06771814823150635,True
11,01543000,0.5608437657356262,0.5359060764312744,0.024937689304351807,True
11,01544500,0.5623515844345093,0.42852532863616943,0.13382625579833984,True
11,01545600,0.5264978408813477,0.22141575813293457,0.3050820827484131,True
11,01547700,0.5564571619033813,0.43145817518234253,0.12499898672103882,True
11,01548500,0.6172385215759277,0.4346666932106018,0.18257182836532593,True
11,01549500,0.5177779197692871,0.141157865524292,0.3766200542449951,True
11,01550000,0.6403216123580933,0.3644164800643921,0.27590513229370117,True
11,01552000,0.6210000514984131,0.5010900497436523,0.11991000175476074,True
11,01552500,0.5478495359420776,0.5295085310935974,0.018341004848480225,True
11,01557500,0.6485809087753296,0.5054618716239929,0.14311903715133667,True
11,01596500,0.6728788018226624,0.3541162610054016,0.31876254081726074,True
11,01632900,0.5552272796630859,0.3483842611312866,0.20684301853179932,True
11,02013000,0.559016227722168,0.17785096168518066,0.3811652660369873,True
11,02014000,0.5089008212089539,0.22283101081848145,0.2860698103904724,True
11,02017500,0.5421899557113647,0.2277500033378601,0.31443995237350464,True
11,02018000,0.5239663124084473,0.3212171792984009,0.2027491331100464,True
11,02027000,0.5486665964126587,0.26960402727127075,0.27906256914138794,True
11,02028500,0.5813956260681152,0.2183559536933899,0.36303967237472534,True
11,02111180,0.6499199867248535,-0.390846848487854,1.0407668352127075,True
11,02137727,0.7242934703826904,0.34214162826538086,0.38215184211730957,True
11,02140991,0.6097508072853088,0.39062970876693726,0.21912109851837158,True
11,02143000,0.5380274057388306,0.11197757720947266,0.4260498285293579,True
11,02143040,0.5737137198448181,0.41724085807800293,0.15647286176681519,True
11,02149000,0.6382606029510498,-0.579824686050415,1.2180852890014648,True
11,02152100,0.5016531944274902,0.24151474237442017,0.26013845205307007,True
11,02299950,0.5706695318222046,-0.2991609573364258,0.8698304891586304,True
11,02361000,0.697683572769165,-1.0449800491333008,1.7426636219024658,True
11,02372250,0.5106077790260315,-1.0075829029083252,1.5181906819343567,True
11,02415000,0.5296496152877808,0.026226580142974854,0.5034230351448059,True
11,02427250,0.5296566486358643,0.618741512298584,-0.08908486366271973,False
11,02472000,0.7434073686599731,-0.03623950481414795,0.7796468734741211,True
11,02479155,0.6471976041793823,-0.034276485443115234,0.6814740896224976,True
11,02481000,0.724220871925354,0.4006842374801636,0.32353663444519043,True
11,02481510,0.7865893840789795,0.17723548412322998,0.6093538999557495,True
11,04015330,0.5519441962242126,0.3252507448196411,0.22669345140457153,True
11,04027000,0.6778683066368103,-0.048404574394226074,0.7262728810310364,True
11,04197170,0.503485918045044,0.19925934076309204,0.3042265772819519,True
11,04216418,0.5101984739303589,0.2276080846786499,0.282590389251709,True
11,04221000,0.5786303877830505,0.19096320867538452,0.387667179107666,True
11,04224775,0.5055173635482788,-0.30413830280303955,0.8096556663513184,True
11,04233000,0.5880550146102905,-0.12243390083312988,0.7104889154434204,True
11,03010655,0.5540081262588501,0.2654908299446106,0.2885172963142395,True
11,03011800,0.6087180972099304,0.4270464777946472,0.1816716194152832,True
11,03015500,0.5061638355255127,0.4047551155090332,0.10140872001647949,True
11,03026500,0.5898264646530151,0.41607779264450073,0.1737486720085144,True
11,03028000,0.6061127185821533,0.5325695276260376,0.07354319095611572,True
11,03070500,0.5288755297660828,0.5405054092407227,-0.011629879474639893,False
11,03076600,0.5155516862869263,0.18365854024887085,0.3318931460380554,True
11,03078000,0.6174525022506714,0.47015029191970825,0.14730221033096313,True
11,03180500,0.58564293384552,0.5010477304458618,0.0845952033996582,True
11,03182500,0.585620105266571,0.519460916519165,0.066159188747406,True
11,03241500,0.7609720826148987,-0.6124693155288696,1.3734413981437683,True
11,03285000,0.5491844415664673,0.3636847734451294,0.1854996681213379,True
11,03291780,0.5657591223716736,0.3502621650695801,0.2154969573020935,True
11,03340800,0.7235379219055176,-0.09658622741699219,0.8201241493225098,True
11,03346000,0.615659236907959,-0.12741303443908691,0.7430722713470459,True
11,03366500,0.7713272571563721,0.31191158294677734,0.4594156742095947,True
11,03456500,0.6908963918685913,0.5361937284469604,0.15470266342163086,True
11,03463300,0.6151107549667358,0.6474196910858154,-0.03230893611907959,False
11,03479000,0.6472965478897095,0.4178032875061035,0.22949326038360596,True
11,03500240,0.5145338773727417,-1.2813994884490967,1.7959333658218384,True
11,05454000,0.642568051815033,-0.9757872819900513,1.6183553338050842,True
11,05495000,0.5085244178771973,0.1737607717514038,0.33476364612579346,True
11,05495500,0.6083959341049194,0.005480349063873291,0.6029155850410461,True
11,05501000,0.7098063826560974,0.1680612564086914,0.541745126247406,True
11,05556500,0.5811123847961426,-1.5104968547821045,2.091609239578247,True
11,05591550,0.5487315654754639,0.0626794695854187,0.48605209589004517,True
11,05592050,0.6099667549133301,0.029139697551727295,0.5808270573616028,True
11,05592575,0.5756868124008179,0.2108287811279297,0.3648580312728882,True
11,05595730,0.6798478364944458,0.26093119382858276,0.41891664266586304,True
11,06311000,0.5510141253471375,0.3988003134727478,0.15221381187438965,True
11,06614800,0.5315619707107544,0.5337281227111816,-0.002166152000427246,False
11,06622700,0.6583573818206787,0.6227877140045166,0.03556966781616211,True
11,06623800,0.6203519701957703,0.5551279187202454,0.0652240514755249,True
11,06632400,0.7108117341995239,0.6722208857536316,0.038590848445892334,True
11,06903400,0.5340627431869507,-0.26174795627593994,0.7958106994628906,True
11,06918460,0.5378419756889343,-0.896220326423645,1.4340623021125793,True
11,06919500,0.5072420835494995,0.03487050533294678,0.47237157821655273,True
11,06921070,0.7371419072151184,0.029663681983947754,0.7074782252311707,True
11,06921200,0.6137411594390869,0.07780838012695312,0.5359327793121338,True
11,07066000,0.56001877784729,0.2118433713912964,0.34817540645599365,True
11,07083000,0.7289714813232422,0.6483063697814941,0.08066511154174805,True
11,07197000,0.5702652335166931,0.09343218803405762,0.4768330454826355,True
11,07261000,0.5577602386474609,0.5195717215538025,0.03818851709365845,True
11,07346045,0.5439537763595581,-1.420701503753662,1.9646552801132202,True
11,08070000,0.5020920038223267,-1.2504627704620361,1.7525547742843628,True
11,08171300,0.5994358062744141,-0.06603872776031494,0.665474534034729,True
11,09066000,0.6571245193481445,0.5851901173591614,0.07193440198898315,True
11,09352900,0.5995486378669739,0.6357680559158325,-0.03621941804885864,False
11,09510200,0.7056269645690918,0.47447317838668823,0.23115378618240356,True
11,12010000,0.7983886003494263,0.8028841018676758,-0.004495501518249512,False
11,12013500,0.855472207069397,0.8191080689430237,0.03636413812637329,True
11,12025700,0.7363628149032593,0.7405586242675781,-0.004195809364318848,False
11,12040500,0.6963308453559875,0.746332049369812,-0.05000120401382446,False
11,12041200,0.5129808783531189,0.6432023644447327,-0.13022148609161377,False
11,12054000,0.6158545017242432,0.6417694687843323,-0.02591496706008911,False
11,12056500,0.5071192383766174,0.5510992407798767,-0.04398000240325928,False
11,12082500,0.6780049800872803,0.6821020841598511,-0.004097104072570801,False
11,12115000,0.6064870357513428,0.5935897827148438,0.012897253036499023,True
11,12117000,0.6843324899673462,0.5931472182273865,0.09118527173995972,True
11,12143600,0.6405057311058044,0.6392325162887573,0.0012732148170471191,True
11,12144000,0.72193443775177,0.7202860713005066,0.0016483664512634277,True
11,12145500,0.7815653681755066,0.7352715730667114,0.046293795108795166,True
11,12147500,0.714743971824646,0.7541236281394958,-0.039379656314849854,False
11,12167000,0.6942096948623657,0.6984492540359497,-0.004239559173583984,False
11,12447390,0.5822515487670898,0.5053754448890686,0.07687610387802124,True
11,13011500,0.775296688079834,0.7629002332687378,0.012396454811096191,True
11,13011900,0.8582668304443359,0.8415743708610535,0.01669245958328247,True
11,13240000,0.5869054794311523,0.5866070985794067,0.00029838085174560547,True
11,14137000,0.6852220296859741,0.5685395002365112,0.11668252944946289,True
11,14138800,0.7696971893310547,0.7580951452255249,0.011602044105529785,True
11,14138900,0.777545690536499,0.808085560798645,-0.030539870262145996,False
11,14139800,0.8379602432250977,0.822758674621582,0.015201568603515625,True
11,14141500,0.7658942937850952,0.7136552333831787,0.052239060401916504,True
11,14158790,0.6459176540374756,0.6008333563804626,0.04508429765701294,True
11,14166500,0.6049861907958984,0.25294697284698486,0.3520392179489136,True
11,14182500,0.7281367778778076,0.7482930421829224,-0.020156264305114746,False
11,14185000,0.8211356401443481,0.7358706593513489,0.08526498079299927,True
11,14185900,0.7703247666358948,0.7746081352233887,-0.0042833685874938965,False
11,14187000,0.7941530346870422,0.6807788014411926,0.11337423324584961,True
11,14216500,0.5318824648857117,0.48879265785217285,0.04308980703353882,True
11,14222500,0.8026524782180786,0.6992192268371582,0.10343325138092041,True
11,14236200,0.7842437624931335,0.7905561923980713,-0.006312429904937744,False
11,14301000,0.8643569946289062,0.7525666356086731,0.11179035902023315,True
11,14303200,0.75547194480896,0.7344853281974792,0.020986616611480713,True
11,14305500,0.8697729110717773,0.8571365475654602,0.012636363506317139,True
11,14306340,0.6455014944076538,0.523730993270874,0.12177050113677979,True
11,14306500,0.6738388538360596,0.037239134311676025,0.6365997195243835,True
11,14309500,0.8017605543136597,0.6033361554145813,0.19842439889907837,True
11,14325000,0.8044813871383667,0.7503136396408081,0.054167747497558594,True
11,14400000,0.6099807024002075,0.6478021144866943,-0.037821412086486816,False
11,11143000,0.550624668598175,0.5496084690093994,0.0010161995887756348,True
11,11148900,0.6665091514587402,0.5168623328208923,0.1496468186378479,True
11,11264500,0.7451615333557129,0.7338837385177612,0.01127779483795166,True
11,11266500,0.6530143022537231,0.6394093036651611,0.013604998588562012,True
11,11468500,0.781330943107605,0.7382843494415283,0.04304659366607666,True
11,11476600,0.7106952667236328,0.7207704782485962,-0.010075211524963379,False
11,11478500,0.5380080938339233,0.6616256833076477,-0.12361758947372437,False
11,11480390,0.5999903678894043,0.6269863247871399,-0.026995956897735596,False
11,11481200,0.5365313291549683,0.6431688070297241,-0.10663747787475586,False
11,11482500,0.5626032948493958,0.6266285181045532,-0.06402522325515747,False
11,11523200,0.5450129508972168,0.5594724416732788,-0.014459490776062012,False
11,11528700,0.7291160225868225,0.40025728940963745,0.32885873317718506,True
11,11532500,0.7755517363548279,0.7895481586456299,-0.013996422290802002,False
29,01022500,0.7284671068191528,0.44190293550491333,0.2865641713142395,True
29,01031500,0.7361147403717041,0.5079977512359619,0.2281169891357422,True
29,01047000,0.6214598417282104,0.49125635623931885,0.1302034854888916,True
29,01052500,0.6568421125411987,0.49494123458862305,0.16190087795257568,True
29,01055000,0.5678571462631226,0.45371681451797485,0.1141403317451477,True
29,01057000,0.6741880178451538,0.3457210063934326,0.3284670114517212,True
29,01073000,0.6293718218803406,0.3082190155982971,0.32115280628204346,True
29,01123000,0.7249025106430054,0.02919989824295044,0.6957026124000549,True
29,01134500,0.6310833692550659,0.3063909411430359,0.32469242811203003,True
29,01137500,0.6246893405914307,0.3911588788032532,0.2335304617881775,True
29,01144000,0.7117938995361328,0.15177786350250244,0.5600160360336304,True
29,01169000,0.6860475540161133,0.4410441517829895,0.24500340223312378,True
29,01170100,0.5638347864151001,0.22877663373947144,0.33505815267562866,True
29,01181000,0.7059699296951294,0.43701785802841187,0.26895207166671753,True
29,01187300,0.6848266124725342,0.30276525020599365,0.3820613622665405,True
29,01195100,0.64827561378479,0.03935962915420532,0.6089159846305847,True
29,01350000,0.6792243123054504,0.2489863634109497,0.43023794889450073,True
29,01350140,0.5667681694030762,-0.22587919235229492,0.7926473617553711,True
29,01365000,0.6203020811080933,0.18958711624145508,0.4307149648666382,True
29,01413500,0.525906503200531,-0.6599839925765991,1.1858904957771301,True
29,01414500,0.5130043625831604,-0.3754434585571289,0.8884478211402893,True
29,01415000,0.5260168313980103,-0.6364126205444336,1.1624294519424438,True
29,01423000,0.556106448173523,-0.5924279689788818,1.1485344171524048,True
29,01435000,0.6333789825439453,0.33338719606399536,0.29999178647994995,True
29,01440000,0.6354035139083862,-0.35505998134613037,0.9904634952545166,True
29,01440400,0.552923858165741,0.07461059093475342,0.47831326723098755,True
29,01545600,0.5127362012863159,-0.7453538179397583,1.2580900192260742,True
29,01549500,0.5281435251235962,-0.7120814323425293,1.2402249574661255,True
29,01550000,0.6093350648880005,-0.34007298946380615,0.9494080543518066,True
29,01552500,0.5044428110122681,0.28997015953063965,0.21447265148162842,True
29,01557500,0.5158174633979797,-0.03419792652130127,0.550015389919281,True
29,01567500,0.509620189666748,-0.25808262825012207,0.7677028179168701,True
29,01568000,0.5658846497535706,-0.1040797233581543,0.6699643731117249,True
29,01596500,0.6654795408248901,-0.2199263572692871,0.8854058980941772,True
29,01632900,0.6077544689178467,-0.2386711835861206,0.8464256525039673,True
29,01664000,0.6592073440551758,-1.1070404052734375,1.7662477493286133,True
29,01666500,0.5353430509567261,-0.5983943939208984,1.1337374448776245,True
29,01667500,0.5770648717880249,-0.8022962808609009,1.3793611526489258,True
29,02013000,0.5564038753509521,-0.9947261810302734,1.5511300563812256,True
29,02014000,0.5120524168014526,-1.1134932041168213,1.625545620918274,True
29,02028500,0.5769011974334717,-0.4927283525466919,1.0696295499801636,True
29,02137727,0.7024624347686768,-0.21889984607696533,0.9213622808456421,True
29,02140991,0.5810308456420898,-0.3101154565811157,0.8911463022232056,True
29,02143040,0.5323940515518188,-0.078055739402771,0.6104497909545898,True
29,02152100,0.5612589120864868,-0.7209372520446777,1.2821961641311646,True
29,02361000,0.5513590574264526,-1.0100953578948975,1.56145441532135,True
29,02371500,0.6606765985488892,-1.6147522926330566,2.275428891181946,True
29,02372250,0.6306619048118591,-1.0075271129608154,1.6381890177726746,True
29,02384540,0.5457862615585327,-0.37593507766723633,0.921721339225769,True
29,02395120,0.5461251735687256,-0.47317826747894287,1.0193034410476685,True
29,02415000,0.6535786986351013,-0.7092493772506714,1.3628280758857727,True
29,02464000,0.6331987977027893,-0.006170749664306641,0.639369547367096,True
29,02464360,0.6023404598236084,-0.3802746534347534,0.9826151132583618,True
29,02469800,0.6595185995101929,-0.14661026000976562,0.8061288595199585,True
29,02479155,0.5881763100624084,-0.001155853271484375,0.5893321633338928,True
29,02481000,0.6633963584899902,0.12286162376403809,0.5405347347259521,True
29,02481510,0.6516924500465393,-0.4259289503097534,1.0776214003562927,True
29,04015330,0.5212616324424744,0.4959638714790344,0.02529776096343994,True
29,04027000,0.5841050148010254,-0.645201563835144,1.2293065786361694,True
29,04197100,0.5608173608779907,-0.680511474609375,1.2413288354873657,True
29,04197170,0.6977419257164001,-0.06853556632995605,0.7662774920463562,True
29,04256000,0.5576583743095398,0.1563209891319275,0.4013373851776123,True
29,03011800,0.5478556156158447,-0.13487160205841064,0.6827272176742554,True
29,03050000,0.5792449712753296,0.062419593334198,0.5168253779411316,True
29,03069500,0.6900303363800049,0.2954336404800415,0.3945966958999634,True
29,03078000,0.5567318201065063,0.07591956853866577,0.4808122515678406,True
29,03180500,0.6743029356002808,0.07836878299713135,0.5959341526031494,True
29,03182500,0.6587297916412354,-0.07641112804412842,0.7351409196853638,True
29,03186500,0.5920162200927734,0.4098663926124573,0.18214982748031616,True
29,03238500,0.5637568235397339,0.3686549663543701,0.19510185718536377,True
29,03241500,0.6799339056015015,-1.2905213832855225,1.970455288887024,True
29,03285000,0.6124355792999268,0.42705029249191284,0.18538528680801392,True
29,03291780,0.5359330177307129,0.13912153244018555,0.39681148529052734,True
29,03346000,0.5486048460006714,-0.6055315732955933,1.1541364192962646,True
29,03366500,0.8212285041809082,-0.08138012886047363,0.9026086330413818,True
29,03456500,0.6456742882728577,0.3742893934249878,0.2713848948478699,True
29,03463300,0.5144567489624023,0.6082628965377808,-0.09380614757537842,False
29,03479000,0.7077963948249817,0.17396670579910278,0.5338296890258789,True
29,03488000,0.5494778752326965,-0.7837706804275513,1.3332485556602478,True
29,03604000,0.5246155858039856,-0.06888258457183838,0.593498170375824,True
29,05454000,0.5753599405288696,-1.9567067623138428,2.5320667028427124,True
29,05495500,0.6312389373779297,-0.630020260810852,1.2612591981887817,True
29,05501000,0.5911924242973328,-0.03583574295043945,0.6270281672477722,True
29,05507600,0.5508663654327393,0.42540431022644043,0.12546205520629883,True
29,05508805,0.631279468536377,0.2461414337158203,0.38513803482055664,True
29,05525500,0.5111535787582397,-2.781576156616211,3.2927297353744507,True
29,05556500,0.5444729328155518,-2.5812222957611084,3.12569522857666,True
29,05593575,0.6980018019676208,-0.012052178382873535,0.7100539803504944,True
29,05595730,0.7312902212142944,0.12257552146911621,0.6087146997451782,True
29,06614800,0.6161143183708191,0.6175427436828613,-0.0014284253120422363,False
29,06622700,0.6480615139007568,0.7077308893203735,-0.0596693754196167,False
29,06623800,0.6456334590911865,0.7104231119155884,-0.06478965282440186,False
29,06632400,0.715238094329834,0.726725161075592,-0.011487066745758057,False
29,06917000,0.5978844165802002,0.4808031916618347,0.11708122491836548,True
29,06918460,0.5524382591247559,-1.0348191261291504,1.5872573852539062,True
29,06919500,0.5365622639656067,-0.5632628202438354,1.0998250842094421,True
29,06921070,0.5466207265853882,0.13524460792541504,0.41137611865997314,True
29,07057500,0.5469473600387573,-2.049713134765625,2.5966604948043823,True
29,07066000,0.6713418960571289,-0.04539942741394043,0.7167413234710693,True
29,07083000,0.8066163063049316,0.8257323503494263,-0.01911604404449463,False
29,07145700,0.5671958923339844,0.22945261001586914,0.33774328231811523,True
29,07197000,0.7301284074783325,-0.38905835151672363,1.1191867589950562,True
29,07261000,0.5899628400802612,0.3846438527107239,0.20531898736953735,True
29,08070000,0.5579355955123901,-1.8260414600372314,2.3839770555496216,True
29,08070200,0.5092723369598389,-3.978111743927002,4.487384080886841,True
29,08158700,0.5632327795028687,-2.199122428894043,2.7623552083969116,True
29,08164300,0.5618172883987427,-0.8143314123153687,1.3761487007141113,True
29,08171300,0.6503699421882629,-0.0207366943359375,0.6711066365242004,True
29,08198500,0.5904104113578796,0.35283392667770386,0.23757648468017578,True
29,09035800,0.7880493402481079,0.05880218744277954,0.7292471528053284,True
29,09035900,0.850561797618866,0.8329401016235352,0.01762169599533081,True
29,09065500,0.5832453966140747,0.7556153535842896,-0.17236995697021484,False
29,09066000,0.6954724788665771,0.6660747528076172,0.02939772605895996,True
29,09066200,0.5644199848175049,0.571941614151001,-0.007521629333496094,False
29,09066300,0.601680338382721,0.5126319527626038,0.08904838562011719,True
29,09107000,0.8039896488189697,0.6778872013092041,0.12610244750976562,True
29,09352900,0.5150400400161743,0.6383304595947266,-0.12329041957855225,False
29,12010000,0.7554271221160889,0.7469969987869263,0.008430123329162598,True
29,12013500,0.839329183101654,0.7861213684082031,0.05320781469345093,True
29,12025700,0.7404031753540039,0.7331012487411499,0.007301926612854004,True
29,12040500,0.6919366121292114,0.7587888836860657,-0.06685227155685425,False
29,12041200,0.6205757856369019,0.7229399085044861,-0.10236412286758423,False
29,12054000,0.6514600515365601,0.6942791938781738,-0.04281914234161377,False
29,12082500,0.6098198294639587,0.6115908622741699,-0.0017710328102111816,False
29,12114500,0.6817284822463989,0.5875951051712036,0.09413337707519531,True
29,12115000,0.7347173094749451,0.6701933145523071,0.06452399492263794,True
29,12117000,0.6755232810974121,0.335088312625885,0.3404349684715271,True
29,12143600,0.6727503538131714,0.6887763738632202,-0.016026020050048828,False
29,12144000,0.6468648910522461,0.6574665307998657,-0.010601639747619629,False
29,12145500,0.7351070642471313,0.6797377467155457,0.05536931753158569,True
29,12147500,0.7607170939445496,0.7603850364685059,0.00033205747604370117,True
29,12167000,0.6786801815032959,0.6939110159873962,-0.015230834484100342,False
29,12178100,0.6100682020187378,0.7573667168617249,-0.14729851484298706,False
29,12189500,0.580194890499115,0.6164343357086182,-0.036239445209503174,False
29,12377150,0.683762788772583,0.6934014558792114,-0.009638667106628418,False
29,12447390,0.5830470323562622,0.4541444778442383,0.12890255451202393,True
29,12451000,0.5734046697616577,0.5882735848426819,-0.01486891508102417,False
29,13011500,0.6669966578483582,0.6645565032958984,0.002440154552459717,True
29,13011900,0.6933916807174683,0.7305023670196533,-0.03711068630218506,False
29,13023000,0.6657564640045166,0.6373651027679443,0.028391361236572266,True
29,13240000,0.5792728662490845,0.5994980335235596,-0.020225167274475098,False
29,14137000,0.741294264793396,0.5281237959861755,0.21317046880722046,True
29,14138800,0.7692239284515381,0.7459902763366699,0.023233652114868164,True
29,14138900,0.807911217212677,0.8152447938919067,-0.007333576679229736,False
29,14139800,0.8469902276992798,0.821416437625885,0.025573790073394775,True
29,14141500,0.8005222678184509,0.7166260480880737,0.0838962197303772,True
29,14154500,0.5998350381851196,0.495297372341156,0.10453766584396362,True
29,14158790,0.7233019471168518,0.6557426452636719,0.06755930185317993,True
29,14182500,0.7204039692878723,0.7471336722373962,-0.026729702949523926,False
29,14185000,0.818152129650116,0.7647164463996887,0.053435683250427246,True
29,14185900,0.745383620262146,0.7763068675994873,-0.03092324733734131,False
29,14187000,0.7740997672080994,0.6481959819793701,0.12590378522872925,True
29,14222500,0.7898660898208618,0.7137279510498047,0.07613813877105713,True
29,14236200,0.7664857506752014,0.7599781155586243,0.0065076351165771484,True
29,14301000,0.7793043851852417,0.6890178918838501,0.0902864933013916,True
29,14303200,0.7658091187477112,0.7317501306533813,0.034058988094329834,True
29,14305500,0.8686761856079102,0.8655338883399963,0.0031422972679138184,True
29,14306340,0.5900536775588989,0.4788087010383606,0.11124497652053833,True
29,14309500,0.7512058019638062,0.6707603931427002,0.08044540882110596,True
29,14316700,0.714606523513794,0.6226255297660828,0.09198099374771118,True
29,14325000,0.7699535489082336,0.715832531452179,0.05412101745605469,True
29,14400000,0.6433776021003723,0.6578250527381897,-0.014447450637817383,False
29,11143000,0.6001302003860474,0.5952639579772949,0.004866242408752441,True
29,11237500,0.5688992142677307,0.5656629800796509,0.003236234188079834,True
29,11264500,0.732664942741394,0.7315058708190918,0.001159071922302246,True
29,11266500,0.7279819846153259,0.7273771166801453,0.0006048679351806641,True
29,11451100,0.5506967306137085,0.5306282639503479,0.020068466663360596,True
29,11468500,0.8201873302459717,0.7306993007659912,0.08948802947998047,True
29,11476600,0.7119489908218384,0.7119279503822327,2.104043960571289e-05,True
29,11478500,0.6561144590377808,0.6715937852859497,-0.015479326248168945,False
29,11480390,0.5902150273323059,0.5546125173568726,0.03560250997543335,True
29,11481200,0.6932463645935059,0.7043247222900391,-0.011078357696533203,False
29,11482500,0.7507171034812927,0.7305486798286438,0.020168423652648926,True
29,11528700,0.6284670233726501,0.34041792154312134,0.2880491018295288,True
29,11532500,0.7917867302894592,0.8185211420059204,-0.02673441171646118,False
47,01022500,0.5269199013710022,0.22695684432983398,0.2999630570411682,True
47,01031500,0.6034175157546997,0.4615744352340698,0.14184308052062988,True
47,01055000,0.5710452198982239,0.5049237608909607,0.06612145900726318,True
47,01073000,0.6605159640312195,0.25960081815719604,0.40091514587402344,True
47,01123000,0.6744588017463684,0.040799736976623535,0.6336590647697449,True
47,01162500,0.5734888911247253,-0.039872050285339355,0.6133609414100647,True
47,01169000,0.5263296365737915,0.3993282914161682,0.1270013451576233,True
47,01170100,0.5103955268859863,0.2389991283416748,0.2713963985443115,True
47,01181000,0.5358107089996338,0.4253953695297241,0.11041533946990967,True
47,01187300,0.644697904586792,0.3084791898727417,0.3362187147140503,True
47,01195100,0.6383463740348816,0.04998195171356201,0.5883644223213196,True
47,01350000,0.6703576445579529,0.2859785556793213,0.3843790888786316,True
47,01350140,0.5067538022994995,-0.13424944877624512,0.6410032510757446,True
47,01365000,0.6412484645843506,0.35874271392822266,0.28250575065612793,True
47,01413500,0.5078929662704468,-0.4154081344604492,0.923301100730896,True
47,01414500,0.5403879880905151,-0.15878260135650635,0.6991705894470215,True
47,01415000,0.5308244824409485,-0.39860284328460693,0.9294273257255554,True
47,01423000,0.5977298021316528,-0.1277942657470703,0.7255240678787231,True
47,01435000,0.6385465860366821,0.45321667194366455,0.18532991409301758,True
47,01440000,0.6396082043647766,-0.3702586889266968,1.0098668932914734,True
47,01440400,0.5390814542770386,0.2564259171485901,0.2826555371284485,True
47,01510000,0.6410632729530334,0.2318463921546936,0.40921688079833984,True
47,01518862,0.5302152037620544,-0.33930647373199463,0.8695216774940491,True
47,01532000,0.6244837045669556,-0.03208744525909424,0.6565711498260498,True
47,01539000,0.6364092230796814,0.34828418493270874,0.28812503814697266,True
47,01543000,0.5461431741714478,0.22532212734222412,0.32082104682922363,True
47,01543500,0.544053852558136,0.24452239274978638,0.2995314598083496,True
47,01545600,0.5029003620147705,-0.31309473514556885,0.8159950971603394,True
47,01547700,0.5679952502250671,0.20196640491485596,0.3660288453102112,True
47,01548500,0.6613031625747681,-0.09674549102783203,0.7580486536026001,True
47,01549500,0.6995824575424194,-0.20141804218292236,0.9010004997253418,True
47,01550000,0.6976094245910645,-0.05286085605621338,0.7504702806472778,True
47,01552000,0.6719938516616821,0.17296981811523438,0.49902403354644775,True
47,01552500,0.5666016936302185,0.3374707102775574,0.22913098335266113,True
47,01557500,0.5715047717094421,0.044598519802093506,0.5269062519073486,True
47,01568000,0.575937032699585,-0.08486330509185791,0.6608003377914429,True
47,01596500,0.6749159693717957,-0.053215861320495605,0.7281318306922913,True
47,01632900,0.540825366973877,-0.5851045846939087,1.1259299516677856,True
47,01664000,0.5525941848754883,-0.8308670520782471,1.3834612369537354,True
47,02013000,0.58970046043396,-0.759894847869873,1.349595308303833,True
47,02016000,0.5028373003005981,-0.16359388828277588,0.666431188583374,True
47,02017500,0.5566256046295166,-0.6088283061981201,1.1654539108276367,True
47,02018000,0.5322264432907104,-0.47181451320648193,1.0040409564971924,True
47,02028500,0.5057611465454102,-0.621394157409668,1.1271553039550781,True
47,02125000,0.5074317455291748,0.2552012801170349,0.2522304654121399,True
47,02137727,0.5304620265960693,-0.26272380352020264,0.793185830116272,True
47,02196000,0.5084681510925293,-1.929511308670044,2.4379794597625732,True
47,02361000,0.7616531848907471,-1.5974540710449219,2.359107255935669,True
47,02372250,0.690779983997345,-1.5305352210998535,2.2213152050971985,True
47,02395120,0.559984564781189,-1.0127437114715576,1.5727282762527466,True
47,02415000,0.7341169118881226,-0.862902045249939,1.5970189571380615,True
47,02427250,0.6296836137771606,0.016048729419708252,0.6136348843574524,True
47,02450250,0.5731163024902344,0.12703466415405273,0.44608163833618164,True
47,02464000,0.7023894786834717,-0.07189226150512695,0.7742817401885986,True
47,02464360,0.5882519483566284,-1.0155258178710938,1.6037777662277222,True
47,02469800,0.6116172075271606,-0.48084747791290283,1.0924646854400635,True
47,02479155,0.6693816781044006,-0.4277576208114624,1.097139298915863,True
47,02481000,0.63987135887146,0.04480850696563721,0.5950628519058228,True
47,02481510,0.5286462306976318,-0.8919445276260376,1.4205907583236694,True
47,04197170,0.6846432685852051,0.12568038702011108,0.558962881565094,True
47,04216418,0.5882008671760559,-0.200239896774292,0.7884407639503479,True
47,04221000,0.6134589910507202,-0.48443007469177246,1.0978890657424927,True
47,04224775,0.5623746514320374,-0.5420764684677124,1.1044511198997498,True
47,04233000,0.6319057941436768,-0.5636276006698608,1.1955333948135376,True
47,03011800,0.5924402475357056,0.11788994073867798,0.4745503067970276,True
47,03015500,0.5158475637435913,0.03338879346847534,0.48245877027511597,True
47,03026500,0.5224989652633667,-0.017648816108703613,0.5401477813720703,True
47,03049000,0.5229887962341309,-0.33780646324157715,0.860795259475708,True
47,03050000,0.6013363599777222,0.20207345485687256,0.3992629051208496,True
47,03069500,0.6394272446632385,0.43089717626571655,0.20853006839752197,True
47,03070500,0.5613908171653748,0.2836803197860718,0.277710497379303,True
47,03076600,0.5393710136413574,-0.16348564624786377,0.7028566598892212,True
47,03078000,0.5266449451446533,0.029075562953948975,0.49756938219070435,True
47,03140000,0.5927481651306152,-0.23389172554016113,0.8266398906707764,True
47,03144000,0.5888316035270691,0.02714163064956665,0.5616899728775024,True
47,03173000,0.6088035106658936,-0.9772868156433105,1.586090326309204,True
47,03180500,0.6807491779327393,0.22859716415405273,0.4521520137786865,True
47,03182500,0.6222772598266602,0.1855335831642151,0.43674367666244507,True
47,03186500,0.6480154395103455,0.4412045478820801,0.20681089162826538,True
47,03237500,0.6317895650863647,0.30696648359298706,0.3248230814933777,True
47,03238500,0.6272619962692261,0.442963182926178,0.1842988133430481,True
47,03241500,0.718235194683075,-1.1286284923553467,1.8468636870384216,True
47,03285000,0.5803496837615967,0.3066502809524536,0.27369940280914307,True
47,03338780,0.5566627383232117,-1.1752984523773193,1.731961190700531,True
47,03340800,0.6673635244369507,-0.48945558071136475,1.1568191051483154,True
47,03366500,0.6854419708251953,0.2517358660697937,0.4337061047554016,True
47,03456500,0.5952005982398987,0.4473033547401428,0.14789724349975586,True
47,03463300,0.564447820186615,0.6265966892242432,-0.062148869037628174,False
47,03479000,0.5296459197998047,0.28161710500717163,0.24802881479263306,True
47,03488000,0.6214929819107056,-0.3045424222946167,0.9260354042053223,True
47,03498500,0.5339994430541992,-0.12609636783599854,0.6600958108901978,True
47,03604000,0.6126915812492371,0.23991382122039795,0.3727777600288391,True
47,05362000,0.5925134420394897,-0.8492567539215088,1.4417701959609985,True
47,05393500,0.5833079814910889,-0.2211693525314331,0.804477334022522,True
47,05454000,0.5850730538368225,-0.7480630874633789,1.3331361413002014,True
47,05487980,0.5837222337722778,-0.12657201290130615,0.710294246673584,True
47,05495500,0.7159677147865295,-0.06597280502319336,0.7819405198097229,True
47,05501000,0.6332439184188843,0.299186646938324,0.3340572714805603,True
47,05503800,0.662803053855896,-0.27137577533721924,0.9341788291931152,True
47,05507600,0.6703428626060486,0.5149116516113281,0.15543121099472046,True
47,05508805,0.5089759826660156,0.47145020961761475,0.03752577304840088,True
47,05556500,0.5395731925964355,-1.816101312637329,2.3556745052337646,True
47,05591550,0.714413583278656,-0.30491387844085693,1.019327461719513,True
47,05592050,0.6857284307479858,-0.34718596935272217,1.032914400100708,True
47,05592575,0.6426988840103149,0.17587316036224365,0.4668257236480713,True
47,05593575,0.7115646600723267,0.33218157291412354,0.3793830871582031,True
47,05595730,0.710026741027832,0.3870353102684021,0.32299143075942993,True
47,07291000,0.5082240104675293,0.06612825393676758,0.4420957565307617,True
47,07362100,0.5199059247970581,-0.3185523748397827,0.8384582996368408,True
47,06311000,0.5001266002655029,0.5315327644348145,-0.03140616416931152,False
47,06622700,0.802691638469696,0.798994243144989,0.0036973953247070312,True
47,06623800,0.7812147736549377,0.790285587310791,-0.009070813655853271,False
47,06918460,0.6016399264335632,-1.5026805400848389,2.104320466518402,True
47,06921070,0.636050820350647,-0.013666272163391113,0.6497170925140381,True
47,07145700,0.5384072065353394,0.13786929845809937,0.40053790807724,True
47,07196900,0.5183089375495911,-0.229073166847229,0.7473821043968201,True
47,07197000,0.5732151865959167,-1.225130558013916,1.7983457446098328,True
47,07261000,0.6699831485748291,0.31350916624069214,0.35647398233413696,True
47,07346045,0.7109622359275818,-2.017268657684326,2.728230893611908,True
47,08066200,0.5479979515075684,-0.8033334016799927,1.351331353187561,True
47,08158700,0.6252020597457886,-1.7443621158599854,2.369564175605774,True
47,08171300,0.6358975172042847,-0.7618507146835327,1.3977482318878174,True
47,09035800,0.7110345363616943,0.3899381160736084,0.32109642028808594,True
47,09035900,0.8035685420036316,0.8329124450683594,-0.029343903064727783,False
47,09066000,0.8532257080078125,0.8312147855758667,0.0220109224319458,True
47,09497980,0.5162786245346069,-2.1031994819641113,2.6194781064987183,True
47,09510200,0.7596208453178406,0.07438153028488159,0.685239315032959,True
47,10336645,0.5177938938140869,0.514624297618866,0.0031695961952209473,True
47,10336660,0.6245713829994202,0.6236840486526489,0.0008873343467712402,True
47,12010000,0.8175104856491089,0.7732521295547485,0.04425835609436035,True
47,12013500,0.8486065864562988,0.7737116813659668,0.07489490509033203,True
47,12025700,0.7445909976959229,0.7144941091537476,0.030096888542175293,True
47,12040500,0.7013061046600342,0.7427060604095459,-0.04139995574951172,False
47,12041200,0.5486797094345093,0.6793011426925659,-0.13062143325805664,False
47,12054000,0.6386164426803589,0.6480163931846619,-0.009399950504302979,False
47,12056500,0.5182499885559082,0.6085569262504578,-0.09030693769454956,False
47,12082500,0.6930335164070129,0.6896977424621582,0.0033357739448547363,True
47,12114500,0.5180754661560059,0.4177970886230469,0.10027837753295898,True
47,12115000,0.6177133321762085,0.5161571502685547,0.10155618190765381,True
47,12117000,0.6099525690078735,0.357536256313324,0.25241631269454956,True
47,12143600,0.6627404689788818,0.6607707142829895,0.001969754695892334,True
47,12144000,0.6195782423019409,0.5945830345153809,0.02499520778656006,True
47,12145500,0.8368738889694214,0.7494281530380249,0.08744573593139648,True
47,12147500,0.7599879503250122,0.747228741645813,0.012759208679199219,True
47,12167000,0.7401995658874512,0.7343277335166931,0.005871832370758057,True
47,12178100,0.6356579065322876,0.7175376415252686,-0.08187973499298096,False
47,12189500,0.6277437806129456,0.7212896347045898,-0.09354585409164429,False
47,12375900,0.602831244468689,0.6045482158660889,-0.0017169713973999023,False
47,12390700,0.6997581720352173,-0.2809619903564453,0.9807201623916626,True
47,12451000,0.7107144594192505,0.7295416593551636,-0.018827199935913086,False
47,13011900,0.8160080313682556,0.7851949334144592,0.030813097953796387,True
47,13240000,0.6298012137413025,0.6362904906272888,-0.006489276885986328,False
47,14137000,0.5984851121902466,0.3029727339744568,0.2955123782157898,True
47,14138800,0.7514830231666565,0.710161566734314,0.04132145643234253,True
47,14138900,0.800082802772522,0.8100784420967102,-0.009995639324188232,False
47,14139800,0.8376970887184143,0.7961277365684509,0.04156935214996338,True
47,14141500,0.7845821976661682,0.6677632331848145,0.11681896448135376,True
47,14154500,0.6812624335289001,0.5023348927497864,0.17892754077911377,True
47,14158790,0.6953040957450867,0.6082836389541626,0.08702045679092407,True
47,14182500,0.7568559646606445,0.7485517263412476,0.008304238319396973,True
47,14185000,0.8312273025512695,0.7437863945960999,0.08744090795516968,True
47,14185900,0.8015787601470947,0.7814800143241882,0.020098745822906494,True
47,14187000,0.7395880222320557,0.6484842896461487,0.09110373258590698,True
47,14216500,0.5030399560928345,0.40913403034210205,0.09390592575073242,True
47,14222500,0.7795587182044983,0.7048873901367188,0.07467132806777954,True
47,14236200,0.8129162788391113,0.765587568283081,0.04732871055603027,True
47,14301000,0.7148986458778381,0.68602454662323,0.028874099254608154,True
47,14303200,0.8244215250015259,0.788944661617279,0.035476863384246826,True
47,14305500,0.8794370889663696,0.8596622943878174,0.019774794578552246,True
47,14306340,0.6321707963943481,0.5849536657333374,0.04721713066101074,True
47,14309500,0.7042775750160217,0.6521282196044922,0.05214935541152954,True
47,14316700,0.6832320690155029,0.5362493991851807,0.14698266983032227,True
47,14325000,0.782198965549469,0.7620190382003784,0.020179927349090576,True
47,14400000,0.6709980964660645,0.650962769985199,0.02003532648086548,True
47,11143000,0.6400216817855835,0.6598660945892334,-0.019844412803649902,False
47,11148900,0.5684723854064941,0.46275806427001953,0.10571432113647461,True
47,11237500,0.5997437834739685,0.5928943753242493,0.006849408149719238,True
47,11264500,0.7837513089179993,0.7746339440345764,0.009117364883422852,True
47,11468500,0.8445713520050049,0.7366912364959717,0.1078801155090332,True
47,11473900,0.5169521570205688,0.5233020782470703,-0.006349921226501465,False
47,11476600,0.7089037895202637,0.6790732145309448,0.029830574989318848,True
47,11478500,0.6795172691345215,0.6595081686973572,0.020009100437164307,True
47,11480390,0.5926028490066528,0.569779634475708,0.022823214530944824,True
47,11481200,0.665501594543457,0.6515710949897766,0.01393049955368042,True
47,11482500,0.7394667267799377,0.6821041107177734,0.05736261606216431,True
47,11528700,0.6400880813598633,0.4221641421318054,0.21792393922805786,True
47,11532500,0.8109256029129028,0.8056761622428894,0.005249440670013428,True
