basin,original_n,original_nse,original_kge,original_correlation,original_variability_ratio,original_bias_ratio,original_rmse_mm_day,original_test_days,original_cell_count,original_negative_storage_cell_fraction,original_test_day_any_negative_storage_fraction,original_negative_storage_mass_sum_mm,original_maximum_negative_storage_mm,original_proposed_et_overshoot_cell_fraction,original_test_day_any_proposed_et_overshoot_fraction,original_proposed_et_overshoot_mass_sum_mm,original_maximum_proposed_et_overshoot_mm_day,dormant_et_ceiling_n,dormant_et_ceiling_nse,dormant_et_ceiling_kge,dormant_et_ceiling_correlation,dormant_et_ceiling_variability_ratio,dormant_et_ceiling_bias_ratio,dormant_et_ceiling_rmse_mm_day,dormant_et_ceiling_test_days,dormant_et_ceiling_cell_count,dormant_et_ceiling_negative_storage_cell_fraction,dormant_et_ceiling_test_day_any_negative_storage_fraction,dormant_et_ceiling_negative_storage_mass_sum_mm,dormant_et_ceiling_maximum_negative_storage_mm,dormant_et_ceiling_proposed_et_overshoot_cell_fraction,dormant_et_ceiling_test_day_any_proposed_et_overshoot_fraction,dormant_et_ceiling_proposed_et_overshoot_mass_sum_mm,dormant_et_ceiling_maximum_proposed_et_overshoot_mm_day,ordered_flux_projection_n,ordered_flux_projection_nse,ordered_flux_projection_kge,ordered_flux_projection_correlation,ordered_flux_projection_variability_ratio,ordered_flux_projection_bias_ratio,ordered_flux_projection_rmse_mm_day,ordered_flux_projection_test_days,ordered_flux_projection_cell_count,ordered_flux_projection_negative_storage_cell_fraction,ordered_flux_projection_test_day_any_negative_storage_fraction,ordered_flux_projection_negative_storage_mass_sum_mm,ordered_flux_projection_maximum_negative_storage_mm,ordered_flux_projection_proposed_et_overshoot_cell_fraction,ordered_flux_projection_test_day_any_proposed_et_overshoot_fraction,ordered_flux_projection_proposed_et_overshoot_mass_sum_mm,ordered_flux_projection_maximum_proposed_et_overshoot_mm_day,et_repair_fraction_of_original_negative_mass_removed,ordered_projection_nse_loss,ordered_projection_kge_loss,original_vs_ordered_mean_abs_runoff_change_mm_day,et_repair_vs_ordered_projection_max_abs_runoff_difference_mm_day
03364500,3652,0.6876355409622192,0.7252108854923427,0.8305520501724059,0.78425133228302,0.9842214584350586,1.938677430152893,3652,233728,0.4179601930449069,1.0,104425.5390625,68.57919311523438,0.4179601930449069,1.0,104425.5390625,68.57919311523438,3652,2.384185791015625e-07,-0.5081071978391458,0.7390454088629471,1.2094783782958984,2.470513105392456,3.468763589859009,3652,233728,0.12787085843373494,1.0,645.8502807617188,5.850310325622559,0.13862267250821467,1.0,8321.14453125,22.87238883972168,3652,0.060072481632232666,-0.49838682887925345,0.7373282675067648,1.1366240978240967,2.4688432216644287,3.362961769104004,3652,233728,0.0,0.0,0.0,0.0,0.011355079408543264,0.7234392113910186,7666.666015625,22.860578536987305,0.9938152075961497,0.6275630593299866,1.2235977143715961,2.0150134563446045,5.037464141845703
11230500,3652,0.6900140643119812,0.761985969750798,0.8796988284892181,1.1573505401611328,1.1319814920425415,1.433877944946289,3652,233728,0.005309590635268346,0.05230010952902519,323.613037109375,24.505897521972656,0.005309590635268346,0.05230010952902519,323.613037109375,24.505897521972656,3652,0.6712042093276978,0.7091384277941535,0.8819989391194821,1.1866205930709839,1.189338207244873,1.4767409563064575,3652,233728,2.5670865279299014e-05,0.001095290251916758,0.031554028391838074,0.028924692422151566,0.000624657721796276,0.03806133625410734,249.8223114013672,24.499101638793945,3652,0.6713185906410217,0.7091854265268225,0.8820340896222014,1.1865700483322144,1.1893377304077148,1.4764840602874756,3652,233728,0.0,0.0,0.0,0.0,0.000598986856516977,0.03806133625410734,249.7905731201172,24.499101638793945,0.9999024945698304,0.018695473670959473,0.05280054322397554,0.09206147491931915,0.028919219970703125
11151300,3652,0.011244356632232666,-0.38716733939626713,0.6093548786051949,1.1727123260498047,2.319772720336914,0.22035138309001923,3652,233728,0.04247672508214677,1.0,974.8827514648438,6.25958776473999,0.04247672508214677,1.0,974.8827514648438,6.25958776473999,3652,-0.35083651542663574,-0.8344635633309232,0.5956600017167114,1.3899450302124023,2.7463414669036865,0.25755658745765686,3652,233728,0.01562927847754655,1.0,3.7055845260620117,0.05632729455828667,0.02057092004381161,1.0,800.2105102539062,6.245201587677002,3652,-0.34649837017059326,-0.8084488847112072,0.5942365913291945,1.386155605316162,2.7195136547088623,0.25714269280433655,3652,233728,0.0,0.0,0.0,0.0,0.00494164156626506,0.30558598028477546,796.3610229492188,6.245129585266113,0.996198943390378,0.3577427268028259,0.4212815453149401,0.014552650041878223,0.05592179298400879
07208500,3652,0.7460118532180786,0.8209959521356172,0.8909972180862218,1.1012043952941895,0.9004082679748535,0.13406938314437866,3652,233728,0.24895605147864183,0.7710843373493976,69011.9296875,26.495059967041016,0.24895605147864183,0.7710843373493976,69011.9296875,26.495059967041016,3652,-2.263078451156616,-1.3820840282903633,0.81416411822311,1.8706276416778564,3.2094788551330566,0.48054784536361694,3652,233728,0.0,0.0,0.0,0.0,0.007123665115005477,0.4553669222343921,2364.25927734375,3.2838125228881836,3652,-2.263078451156616,-1.3820840282903633,0.81416411822311,1.8706276416778564,3.2094788551330566,0.48054784536361694,3652,233728,0.0,0.0,0.0,0.0,0.007123665115005477,0.4553669222343921,2364.25927734375,3.2838125228881836,1.0,3.009090304374695,2.20307998042598,0.3757171034812927,0.0
12092000,3652,0.6895697116851807,0.6298085715053467,0.8650288414903178,0.6796099543571472,0.8728201985359192,2.4276626110076904,3652,233728,0.04716165799561884,1.0,2647.0146484375,27.843708038330078,0.04716165799561884,1.0,2647.0146484375,27.843708038330078,3652,0.7489354610443115,0.7332592067253674,0.8719209680588111,0.7662152051925659,0.9904564023017883,2.183227062225342,3652,233728,0.039768448795180725,1.0,15.01343822479248,0.10835175961256027,0.04495396358159912,1.0,2387.22265625,27.837369918823242,3652,0.74886155128479,0.7328648994843456,0.8719379179353511,0.7657614946365356,0.990325927734375,2.18354868888855,3652,233728,0.0,0.0,0.0,0.0,0.0051855147864184005,0.31078860898138005,2371.6796875,27.837329864501953,0.9943281620169141,-0.059291839599609375,-0.10305632797899889,0.627875566482544,0.08142852783203125
06350000,3652,0.5574516654014587,0.40445464408879994,0.8221608391877772,0.47896578907966614,0.7729079127311707,0.2820844352245331,3652,233728,0.8430141018619934,1.0,999728.5,194.28611755371094,0.8430141018619934,1.0,999728.5,194.28611755371094,3652,-0.8901288509368896,-6.395005211966897,0.5178322609916409,1.1540718078613281,8.377660751342773,0.5829676985740662,3652,233728,0.016596214403066814,1.0,61.563377380371094,0.8677991032600403,0.02973969742606791,1.0,4575.00634765625,12.122125625610352,3652,-0.7507263422012329,-6.183820210643817,0.5195593520542732,1.0759211778640747,8.16733455657959,0.5610582232475281,3652,233728,0.0,0.0,0.0,0.0,0.013087862814895948,0.39293537787513694,4479.287109375,12.09725570678711,0.9999384199036234,1.3081780076026917,6.588274854732617,0.376411497592926,0.8632850646972656
11475560,3652,0.7193639278411865,0.6162720367217782,0.8746415999381197,0.6732125878334045,0.8427028059959412,4.1324944496154785,3652,233728,0.4231970495618839,0.9359255202628697,176088.46875,181.27218627929688,0.4231970495618839,0.9359255202628697,176088.46875,181.27218627929688,3652,0.7536675930023193,0.671366990346095,0.8780864708171154,0.7948608994483948,1.2259528636932373,3.871696710586548,3652,233728,0.020609426341730557,0.8852683461117196,54.28073501586914,0.8630365133285522,0.028819824753559695,0.8978641840087623,5092.21044921875,19.796598434448242,3652,0.7541030645370483,0.6716599363171275,0.8783431807996568,0.7948707938194275,1.2256741523742676,3.8682727813720703,3652,233728,0.0,0.0,0.0,0.0,0.008236069277108434,0.5197152245345017,5034.76953125,19.796234130859375,0.9996917416830233,-0.034739136695861816,-0.05538789959534929,1.4192585945129395,1.0064096450805664
08190500,3652,0.015883266925811768,0.37587963724344176,0.4134503711346386,0.8071175813674927,0.9089937806129456,0.3639536201953888,3652,233728,0.85143842415115,1.0,1526018.75,465.66680908203125,0.85143842415115,1.0,1526018.75,465.66680908203125,3652,-10.585453987121582,-10.616849999294965,0.5395172944897795,3.6345088481903076,12.304800987243652,1.2487609386444092,3652,233728,0.03297422645125958,0.9775465498357064,8.61623764038086,0.12194753438234329,0.05181664156626506,0.9961664841182913,10476.0498046875,8.76497745513916,3652,-10.573685646057129,-10.568076010357807,0.5393610630662289,3.63427734375,12.254722595214844,1.2481263875961304,3652,233728,0.0,0.0,0.0,0.0,0.018838136637458928,0.8200985761226726,10466.7392578125,8.76458740234375,0.9999943537799648,10.58956891298294,10.943955647601248,0.432121217250824,0.09501934051513672
11522500,3652,0.7470154166221619,0.6810866506367167,0.8819006788622974,0.7441385388374329,0.8506909608840942,1.4644399881362915,3652,233728,0.21591764786418402,0.5243702081051479,33124.5234375,54.79454803466797,0.21591764786418402,0.5243702081051479,33124.5234375,54.79454803466797,3652,0.7318517565727234,0.7423318944381898,0.863097108199937,0.8473361134529114,1.1560262441635132,1.5076899528503418,3652,233728,0.00034227820372398685,0.019167579408543262,15.621560096740723,2.944653034210205,0.006353539156626506,0.3838992332968237,2089.904052734375,14.889005661010742,3652,0.7357138991355896,0.7408615765470502,0.8654692431351557,0.8425814509391785,1.1557998657226562,1.4967929124832153,3652,233728,0.0,0.0,0.0,0.0,0.006011260952902519,0.37897042716319823,2073.279541015625,14.888901710510254,0.9995283989481021,0.011301517486572266,-0.05977492591033351,0.649946928024292,2.9445877075195312
12383500,3652,0.6718462109565735,0.6380500120380472,0.840366412555375,0.6883087754249573,0.9084932208061218,0.7164711356163025,3652,233728,0.002447289156626506,0.10898138006571742,730.87255859375,8.097543716430664,0.002447289156626506,0.10898138006571742,730.87255859375,8.097543716430664,3652,0.7145140767097473,0.7030766540709832,0.8528097868062218,0.7432304620742798,0.9761689901351929,0.6682705283164978,3652,233728,0.00011551889375684557,0.007393209200438116,0.037227049469947815,0.011380392126739025,0.0019167579408543264,0.10460021905805038,661.3214721679688,8.077766418457031,3652,0.7145465612411499,0.7030723852069334,0.8528346179469831,0.7432117462158203,0.9761641025543213,0.6682325601577759,3652,233728,0.0,0.0,0.0,0.0,0.0018140744797371304,0.10268346111719606,661.2840576171875,8.077764511108398,0.9999490649237925,-0.042700350284576416,-0.06502237316888615,0.09810799360275269,0.011380434036254883
12035000,3652,0.9224805235862732,0.8358026025287962,0.9672492093325338,0.8917626738548279,0.8809502124786377,2.412440061569214,3652,233728,0.11486000821467689,0.8244797371303395,6833.53076171875,26.05399513244629,0.11486000821467689,0.8244797371303395,6833.53076171875,26.05399513244629,3652,0.9221464395523071,0.9134491696015417,0.961067535727589,0.9277934432029724,0.9724043011665344,2.417632579803467,3652,233728,0.039652929901423876,0.7719058050383352,46.56809997558594,0.1669827699661255,0.04859494797371303,0.8031215772179627,2182.22705078125,23.90563201904297,3652,0.9220426082611084,0.9138940733960615,0.9609918020021702,0.9284883737564087,0.9720951914787292,2.4192440509796143,3652,233728,0.0,0.0,0.0,0.0,0.008950575027382257,0.36254107338444685,2128.71142578125,23.905609130859375,0.9931853529896347,0.0004379153251647949,-0.07809147086726531,0.5800215005874634,0.17221832275390625
09404450,3652,0.02534019947052002,0.47980644912573245,0.7236440612845025,1.4229729175567627,1.1237846612930298,0.21995887160301208,3652,233728,0.0016771631982475355,0.09227820372398686,191.21466064453125,5.061102867126465,0.0016771631982475355,0.09227820372398686,191.21466064453125,5.061102867126465,3652,-0.3653303384780884,0.25236843759477023,0.7233139176190884,1.6439629793167114,1.260210394859314,0.2603357434272766,3652,233728,4.278477546549836e-06,0.0002738225629791895,0.006176359951496124,0.006176359951496124,0.0013519989047097482,0.07338444687842278,150.34771728515625,4.490920066833496,3652,-0.36501479148864746,0.2524772850541154,0.7233483887910132,1.6438542604446411,1.2602033615112305,0.2603056728839874,3652,233728,0.0,0.0,0.0,0.0,0.0013477204271631982,0.07338444687842278,150.3415069580078,4.490920066833496,0.9999676993388965,0.3903549909591675,0.22732916407161707,0.02362782508134842,0.006176471710205078
02300700,3652,0.5817639231681824,0.6565230209780253,0.7796527460623689,0.9196023344993591,1.2509177923202515,2.8087215423583984,3652,233728,0.4859109734392114,1.0,51908.8046875,78.51826477050781,0.4859109734392114,1.0,51908.8046875,78.51826477050781,3652,0.027751505374908447,-0.45997113911272125,0.7346684298295266,1.289252519607544,2.406217575073242,4.282393455505371,3652,233728,0.2288472070098576,1.0,1557.4993896484375,18.291828155517578,0.23960757803943045,1.0,7584.31494140625,33.373046875,3652,0.18652409315109253,-0.3940998709796688,0.7359187675973944,1.1401174068450928,2.3616690635681152,3.9171507358551025,3652,233728,0.0,0.0,0.0,0.0,0.010567839539978094,0.676341730558598,5846.22802734375,33.054161071777344,0.969995468032353,0.39523983001708984,1.050622891957694,1.5626015663146973,12.7535400390625
06280300,3652,0.8313733339309692,0.7595832073690104,0.9216638980823454,0.8499327898025513,0.8292852640151978,0.6912096738815308,3652,233728,0.04093647316538883,0.41566265060240964,3042.260986328125,10.351887702941895,0.04093647316538883,0.41566265060240964,3042.260986328125,10.351887702941895,3652,0.8258904218673706,0.6796536329706868,0.9384925995288366,1.0480281114578247,1.3106958866119385,0.7023571729660034,3652,233728,0.0,0.0,0.0,0.0,0.007149335980284776,0.36391018619934284,1913.7728271484375,10.120387077331543,3652,0.8258904218673706,0.6796536329706868,0.9384925995288366,1.0480281114578247,1.3106958866119385,0.7023571729660034,3652,233728,0.0,0.0,0.0,0.0,0.007149335980284776,0.36391018619934284,1913.7728271484375,10.120387077331543,1.0,0.005482912063598633,0.0799295743983236,0.5417510271072388,0.0
09513780,3652,0.4701106548309326,0.47548020531622637,0.6969487412099384,0.5719426274299622,0.9930835366249084,1.3010200262069702,3652,233728,0.024010815991237677,0.9808324205914567,173.77670288085938,6.679811477661133,0.024010815991237677,0.9808324205914567,173.77670288085938,6.679811477661133,3652,0.47548890113830566,0.4988383693834598,0.6953794131503193,0.6056976318359375,1.0538043975830078,1.294400691986084,3652,233728,0.02315084200438116,0.9748083242059146,1.5900694131851196,0.019005559384822845,0.023664259309967142,0.9791894852135816,158.2748565673828,5.077275276184082,3652,0.4755311608314514,0.49916768544908574,0.6953904907750517,0.6058513522148132,1.0518931150436401,1.2943485975265503,3652,233728,0.0,0.0,0.0,0.0,0.0005134173055859803,0.0312157721796276,156.64962768554688,5.072152137756348,0.9908499275977444,-0.005420506000518799,-0.023687480132859373,0.008941425941884518,0.3505251407623291
03455500,3652,0.586976170539856,0.7659227774723723,0.785260538138119,0.9480344653129578,1.077322006225586,2.6836369037628174,3652,233728,0.04428652108433735,0.9575575027382256,10346.4375,45.01577377319336,0.04428652108433735,0.9575575027382256,10346.4375,45.01577377319336,3652,0.14520877599716187,0.2651474737897117,0.7626068540657099,1.2154557704925537,1.6612348556518555,3.860701560974121,3652,233728,0.01767011226725082,0.6870208105147865,136.8877716064453,0.4854503273963928,0.027668914293537787,0.9515334063526835,6647.9482421875,45.00468444824219,3652,0.14258337020874023,0.26425514191320687,0.7627266230269776,1.2186845541000366,1.6612101793289185,3.8666257858276367,3652,233728,0.0,0.0,0.0,0.0,0.010067257667031763,0.49863088718510407,6509.31298828125,45.004581451416016,0.9867695743963615,0.4443928003311157,0.5016676355591654,1.7733304500579834,5.457548141479492
09047700,3652,0.7908846139907837,0.8764824219651491,0.8936287895109395,0.9699262380599976,0.9448880553245544,0.33126100897789,3652,233728,0.01592449342825849,0.4589266155531216,3086.193359375,9.036833763122559,0.01592449342825849,0.4589266155531216,3086.193359375,9.036833763122559,3652,-0.16175711154937744,-0.13065616336207064,0.8961345875305058,1.4563207626342773,2.0292553901672363,0.7807912826538086,3652,233728,0.0,0.0,0.0,0.0,0.006837007119386638,0.3795180722891566,2008.0687255859375,8.756322860717773,3652,-0.16175711154937744,-0.13065616336207064,0.8961345875305058,1.4563207626342773,2.0292553901672363,0.7807912826538086,3652,233728,0.0,0.0,0.0,0.0,0.006837007119386638,0.3795180722891566,2008.0687255859375,8.756322860717773,1.0,0.9526417255401611,1.00713858532722,0.6172758936882019,0.0
12411000,3652,0.7437090277671814,0.7125482339650295,0.8715841002926037,0.783470094203949,0.8612459897994995,1.3361773490905762,3652,233728,0.22307554079956188,0.6506024096385542,52155.6328125,29.964258193969727,0.22307554079956188,0.6506024096385542,52155.6328125,29.964258193969727,3652,0.6492127776145935,0.5914023679130969,0.852504644421071,0.9790136814117432,1.3804690837860107,1.5632171630859375,3652,233728,0.002105010952902519,0.13472070098576122,0.13032189011573792,0.01861743815243244,0.011658851314348302,0.5062979189485214,2692.4228515625,12.917065620422363,3652,0.6492182016372681,0.5914041493957226,0.8525078160296866,0.9790175557136536,1.3804686069488525,1.5632051229476929,3652,233728,0.0,0.0,0.0,0.0,0.009553840361445784,0.37677984665936476,2692.291015625,12.917065620422363,0.9999975012882965,0.09449082612991333,0.12114408456930692,0.9008297324180603,0.01861095428466797
14138870,3652,0.8227578401565552,0.8418120181956509,0.9235480486399518,1.0709112882614136,1.1189543008804321,3.000356435775757,3652,233728,0.12812756708652792,0.9550930996714129,9045.09765625,29.753299713134766,0.12812756708652792,0.9550930996714129,9045.09765625,29.753299713134766,3652,0.7273856401443481,0.6173775037571414,0.9247839956516216,1.1727221012115479,1.3330309391021729,3.7210350036621094,3652,233728,0.05777656078860898,0.8001095290251917,90.89286041259766,0.22002455592155457,0.06615809830230011,0.9430449069003286,4447.09619140625,29.742563247680664,3652,0.7270623445510864,0.6175970188539194,0.9246913516475668,1.1734635829925537,1.3323718309402466,3.723240613937378,3652,233728,0.0,0.0,0.0,0.0,0.00837298055859803,0.45043811610076673,4344.3251953125,29.7421817779541,0.9899511465915691,0.09569549560546875,0.2242149993417315,1.1824181079864502,1.2057085037231445
01434025,3652,0.5673805475234985,0.7140676545284697,0.7594972113057128,0.8527031540870667,0.9528899788856506,3.2855300903320312,3652,233728,0.27916638143483025,1.0,38874.4765625,41.188602447509766,0.27916638143483025,1.0,38874.4765625,41.188602447509766,3652,0.2801320552825928,0.4125658312807554,0.698750085744518,1.0463703870773315,1.5021724700927734,4.2381744384765625,3652,233728,0.11563013417305586,0.9997261774370209,584.6591186523438,4.1169610023498535,0.1277895673603505,1.0,6810.63232421875,24.639150619506836,3652,0.2802507281303406,0.414428452809779,0.6988483755557825,1.0476099252700806,1.4999350309371948,4.2378249168396,3652,233728,0.0,0.0,0.0,0.0,0.012296344468784227,0.5402519167579408,6198.921875,24.63811492919922,0.9849603346372429,0.28712981939315796,0.29963920171869063,1.618598222732544,3.67889404296875
08158810,3652,0.5226796865463257,0.4905850598484005,0.7401825471366575,0.5856001377105713,0.8576229214668274,1.5875816345214844,3652,233728,0.550143756845564,1.0,232930.65625,129.3727264404297,0.550143756845564,1.0,232930.65625,129.3727264404297,3652,0.03557103872299194,-1.565088450493287,0.74652169167576,1.0719211101531982,3.5515201091766357,2.2566604614257812,3652,233728,0.05877344605695509,1.0,265.232421875,6.806377410888672,0.06932417168674698,1.0,6704.7412109375,15.825174331665039,3652,0.06864273548126221,-1.5450277913240398,0.738673047408856,0.9987345933914185,3.5315752029418945,2.2176308631896973,3652,233728,0.0,0.0,0.0,0.0,0.010794598849945235,0.6429353778751369,6421.51318359375,15.381122589111328,0.9988613245411959,0.4540369510650635,2.0356128511724405,1.577944278717041,5.966396331787109
02363000,3652,0.7995138764381409,0.8438781197962857,0.8954485844738452,0.9137130379676819,1.0774441957473755,0.7818168997764587,3652,233728,0.3931792510952902,1.0,215606.0,190.34593200683594,0.3931792510952902,1.0,215606.0,190.34593200683594,3652,-2.4052796363830566,-1.6590005927655103,0.793742722585841,1.7399139404296875,3.545637369155884,3.222102165222168,3652,233728,0.036918982749178535,1.0,5.831497669219971,0.009405563585460186,0.04960039019715225,1.0,9522.984375,30.64008331298828,3652,-2.404817581176758,-1.658760253779716,0.7937453778762451,1.7398923635482788,3.5453927516937256,3.221883535385132,3652,233728,0.0,0.0,0.0,0.0,0.012681407447973712,0.7853231106243155,9516.767578125,30.639318466186523,0.9999729529898554,3.2043314576148987,2.5026383735760014,2.498079776763916,0.010082244873046875
10259000,3652,0.8119211196899414,0.6623591681890983,0.9084769161432721,0.8415804505348206,1.283774733543396,0.28238075971603394,3652,233728,0.011594674151150055,0.6185651697699891,568.3648071289062,13.667217254638672,0.011594674151150055,0.6185651697699891,568.3648071289062,13.667217254638672,3652,0.77032071352005,0.416351228217161,0.9049875219155885,1.0141348838806152,1.5756897926330566,0.31205129623413086,3652,233728,0.008659638554216868,0.5542168674698795,0.052599430084228516,0.009113963693380356,0.009857612267250822,0.6037787513691129,523.5349731445312,13.261808395385742,3652,0.7702658772468567,0.4163960234582712,0.904940226691009,1.013975739479065,1.5756404399871826,0.3120885491371155,3652,233728,0.0,0.0,0.0,0.0,0.001197973713033954,0.07475355969331873,523.4816284179688,13.261794090270996,0.9999074548082069,0.04165524244308472,0.24596314473082714,0.06331757456064224,0.00907135009765625
04024430,3652,0.8073322772979736,0.8570456822854667,0.9126534361894402,1.0663070678710938,1.0917054414749146,0.6364626884460449,3652,233728,0.26521426615553123,0.8617196056955093,76407.875,53.102481842041016,0.26521426615553123,0.8617196056955093,76407.875,53.102481842041016,3652,-0.5461020469665527,-0.722552692551534,0.795004176436805,1.5387824773788452,2.6232306957244873,1.8029658794403076,3652,233728,0.02600886500547645,0.8441949616648412,114.09994506835938,0.3911128640174866,0.033945440854326395,0.8441949616648412,4241.93896484375,14.217926979064941,3652,-0.5382535457611084,-0.7178786583105918,0.7947686179415453,1.5349299907684326,2.6195175647735596,1.7983838319778442,3652,233728,0.0,0.0,0.0,0.0,0.007928018893756845,0.48986856516977,4118.3662109375,14.21133041381836,0.9985066991449721,1.345585823059082,1.5749243405960587,1.0934569835662842,0.6371979713439941
