condition,seed,basin,negative_day_fraction,maximum_deficit_mm,nse_decline
zero_L365,11,03364500,1.0,187.1007843017578,0.5753720998764038
zero_L365,11,11230500,0.10460021905805038,6.678121566772461,0.014999747276306152
zero_L365,11,11151300,0.9882256297918949,7.445209503173828,6.704425156116486
zero_L365,11,07208500,0.9997261774370209,52.624210357666016,2.250958025455475
zero_L365,11,12092000,0.9778203723986857,6.73350715637207,-0.00610661506652832
zero_L365,11,06350000,0.9997261774370209,8.953094482421875,1.7502625584602356
zero_L365,11,11475560,0.8365279299014239,126.45750427246094,-0.004510223865509033
zero_L365,11,08190500,1.0,13.702296257019043,33.82180857658386
zero_L365,11,11522500,0.44605695509309967,19.75161361694336,0.027504324913024902
zero_L365,11,12383500,0.458105147864184,6.412558555603027,-0.0834970474243164
zero_L365,11,12035000,1.0,15.475057601928711,0.013386726379394531
zero_L365,11,09404450,0.9422234392113911,6.808544635772705,7.26777857542038
zero_L365,11,02300700,1.0,78.79802703857422,0.6006430387496948
zero_L365,11,06280300,0.33433734939759036,5.1596150398254395,-0.005289673805236816
zero_L365,11,09513780,0.9824753559693319,7.660618305206299,0.2688800096511841
zero_L365,11,03455500,0.9789156626506024,17.119155883789062,0.24360036849975586
zero_L365,11,09047700,0.6130887185104053,25.360624313354492,5.241536498069763
zero_L365,11,12411000,0.5221796276013143,53.575748443603516,0.04754006862640381
zero_L365,11,14138870,1.0,61.62149429321289,0.0778501033782959
zero_L365,11,01434025,0.9972617743702081,7.42497444152832,0.11275672912597656
zero_L365,11,08158810,0.9972617743702081,113.8087387084961,0.2990179657936096
zero_L365,11,02363000,1.0,239.44735717773438,1.37766695022583
zero_L365,11,10259000,0.8132530120481928,9.261990547180176,0.1756495237350464
zero_L365,11,04024430,1.0,116.47269439697266,1.2385984659194946
zero_L365,29,03364500,0.9997261774370209,110.33526611328125,0.8559039831161499
zero_L365,29,11230500,0.009857612267250822,8.19221305847168,0.0005959272384643555
zero_L365,29,11151300,0.9260679079956189,5.594930648803711,0.5679571628570557
zero_L365,29,07208500,1.0,8.342028617858887,4.8475969433784485
zero_L365,29,12092000,1.0,13.000219345092773,-0.024217069149017334
zero_L365,29,06350000,1.0,121.90979766845703,3.952534556388855
zero_L365,29,11475560,1.0,129.69573974609375,-0.019830048084259033
zero_L365,29,08190500,1.0,30.911832809448242,9.965790867805481
zero_L365,29,11522500,0.3877327491785323,42.68950653076172,0.016548991203308105
zero_L365,29,12383500,0.014512595837897043,2.2827939987182617,-0.009371638298034668
zero_L365,29,12035000,1.0,133.58680725097656,0.021187007427215576
zero_L365,29,09404450,0.9526286966046003,49.090145111083984,-0.17230772972106934
zero_L365,29,02300700,1.0,59.222660064697266,0.9795607328414917
zero_L365,29,06280300,0.5958378970427163,9.25656509399414,0.06218385696411133
zero_L365,29,09513780,0.9671412924424972,7.752683162689209,0.020148813724517822
zero_L365,29,03455500,0.8984118291347207,165.96055603027344,0.5866053104400635
zero_L365,29,09047700,1.0,35.7568244934082,2.6425048112869263
zero_L365,29,12411000,1.0,272.7508239746094,0.2540115714073181
zero_L365,29,14138870,1.0,147.45928955078125,0.15698182582855225
zero_L365,29,01434025,0.9906900328587076,122.10809326171875,0.3233233690261841
zero_L365,29,08158810,0.9909638554216867,64.56886291503906,0.5327993035316467
zero_L365,29,02363000,0.9975355969331873,232.23294067382812,2.2976526021957397
zero_L365,29,10259000,0.3600766703176342,3.7259514331817627,-0.02259504795074463
zero_L365,29,04024430,1.0,33.065277099609375,2.0898386240005493
zero_L365,47,03364500,1.0,187.2075653076172,0.6959752440452576
zero_L365,47,11230500,0.08433734939759036,7.872968673706055,0.004320383071899414
zero_L365,47,11151300,1.0,18.975156784057617,11.585238456726074
zero_L365,47,07208500,0.9564622124863089,11.349785804748535,1.7773219347000122
zero_L365,47,12092000,0.8099671412924425,7.13835334777832,-0.021115422248840332
zero_L365,47,06350000,0.9994523548740416,33.524288177490234,9.817626297473907
zero_L365,47,11475560,1.0,65.32547760009766,0.014550089836120605
zero_L365,47,08190500,1.0,17.83177947998047,82.44393146038055
zero_L365,47,11522500,1.0,12.748732566833496,-0.012082397937774658
zero_L365,47,12383500,0.8168127053669222,0.7644187808036804,0.0006274580955505371
zero_L365,47,12035000,1.0,22.182029724121094,0.027646303176879883
zero_L365,47,09404450,0.9989047097480832,71.53076171875,14.830650448799133
zero_L365,47,02300700,1.0,25.22769546508789,0.7112438082695007
zero_L365,47,06280300,0.437842278203724,5.1110429763793945,0.019179463386535645
zero_L365,47,09513780,1.0,43.16018295288086,1.163768708705902
zero_L365,47,03455500,0.9455093099671413,14.346353530883789,0.40632522106170654
zero_L365,47,09047700,0.5254654983570646,7.390917778015137,0.4563206434249878
zero_L365,47,12411000,0.6495071193866374,26.61722183227539,0.25567448139190674
zero_L365,47,14138870,1.0,20.862333297729492,0.11723595857620239
zero_L365,47,01434025,1.0,18.605871200561523,0.24789011478424072
zero_L365,47,08158810,1.0,238.89334106445312,0.2621859908103943
zero_L365,47,02363000,1.0,163.52975463867188,2.466481626033783
zero_L365,47,10259000,1.0,78.56657409667969,1.6334264278411865
zero_L365,47,04024430,0.9983570646221248,48.860084533691406,1.5938355326652527
zero_L730,11,03364500,1.0,187.1007843017578,0.5753716826438904
zero_L730,11,11230500,0.09830230010952902,6.673233509063721,0.020670413970947266
zero_L730,11,11151300,0.9882256297918949,7.444211959838867,19.137011468410492
zero_L730,11,07208500,0.9997261774370209,52.605979919433594,2.2888196110725403
zero_L730,11,12092000,0.9764512595837898,6.639198303222656,-0.0036959052085876465
zero_L730,11,06350000,0.9997261774370209,8.953094482421875,1.9208815097808838
zero_L730,11,11475560,0.8332420591456736,127.04222106933594,0.02178966999053955
zero_L730,11,08190500,1.0,13.702296257019043,54.95321726799011
zero_L730,11,11522500,0.4427710843373494,19.80421257019043,0.03717470169067383
zero_L730,11,12383500,0.45700985761226726,5.067742347717285,0.03632313013076782
zero_L730,11,12035000,1.0,15.47516918182373,0.01339036226272583
zero_L730,11,09404450,0.9422234392113911,6.8085455894470215,13.52853786945343
zero_L730,11,02300700,1.0,78.35267639160156,0.6310958862304688
zero_L730,11,06280300,0.3329682365826944,5.155264377593994,-0.0013107061386108398
zero_L730,11,09513780,0.9824753559693319,7.660618305206299,0.26891767978668213
zero_L730,11,03455500,0.9786418400876232,17.116344451904297,0.24325603246688843
zero_L730,11,09047700,0.609802847754655,25.244869232177734,5.470970153808594
zero_L730,11,12411000,0.5191675794085433,53.79356384277344,0.05987691879272461
zero_L730,11,14138870,1.0,61.62159729003906,0.07818812131881714
zero_L730,11,01434025,0.9972617743702081,7.4249587059021,0.11275458335876465
zero_L730,11,08158810,0.9972617743702081,113.80873107910156,0.2993999719619751
zero_L730,11,02363000,1.0,245.22535705566406,1.3946447372436523
zero_L730,11,10259000,0.802026286966046,7.610716342926025,0.5659134984016418
zero_L730,11,04024430,1.0,116.60301971435547,1.2380902767181396
zero_L730,29,03364500,0.9997261774370209,110.33645629882812,0.856045126914978
zero_L730,29,11230500,0.008214676889375685,8.193737030029297,0.00037091970443725586
zero_L730,29,11151300,0.9257940854326396,5.605708599090576,3.29719078540802
zero_L730,29,07208500,1.0,8.342089653015137,4.848511159420013
zero_L730,29,12092000,1.0,12.984325408935547,-0.00038301944732666016
zero_L730,29,06350000,1.0,121.90979766845703,4.257989823818207
zero_L730,29,11475560,1.0,131.121826171875,-0.01830434799194336
zero_L730,29,08190500,1.0,30.911832809448242,10.369641065597534
zero_L730,29,11522500,0.3841730558598028,43.998653411865234,0.014749646186828613
zero_L730,29,12383500,0.004654983570646221,1.9086825847625732,0.010382533073425293
zero_L730,29,12035000,1.0,133.58628845214844,0.021183907985687256
zero_L730,29,09404450,0.9526286966046003,49.13935470581055,-0.17332828044891357
zero_L730,29,02300700,1.0,59.26186752319336,1.0118035078048706
zero_L730,29,06280300,0.5955640744797371,9.256610870361328,0.066134512424469
zero_L730,29,09513780,0.9671412924424972,7.752676010131836,0.020148813724517822
zero_L730,29,03455500,0.8975903614457831,166.1597442626953,0.5867278575897217
zero_L730,29,09047700,1.0,35.75823211669922,2.650580883026123
zero_L730,29,12411000,1.0,299.97698974609375,0.25344687700271606
zero_L730,29,14138870,1.0,147.46336364746094,0.15894222259521484
zero_L730,29,01434025,0.9906900328587076,122.10902404785156,0.32332324981689453
zero_L730,29,08158810,0.9909638554216867,65.71920776367188,0.5322637557983398
zero_L730,29,02363000,0.9983570646221248,235.04953002929688,2.3020368218421936
zero_L730,29,10259000,0.3368017524644031,3.6371817588806152,0.03552401065826416
zero_L730,29,04024430,1.0,33.031700134277344,2.092912197113037
zero_L730,47,03364500,1.0,187.2106170654297,0.7139171361923218
zero_L730,47,11230500,0.0807776560788609,7.871778964996338,0.0061419010162353516
zero_L730,47,11151300,1.0,18.971797943115234,18.75666046142578
zero_L730,47,07208500,0.9564622124863089,11.349857330322266,1.786087989807129
zero_L730,47,12092000,0.8061336254107339,7.1142578125,-0.008169770240783691
zero_L730,47,06350000,0.9994523548740416,33.524295806884766,9.824305593967438
zero_L730,47,11475560,1.0,65.32621002197266,0.013700425624847412
zero_L730,47,08190500,1.0,17.83177947998047,85.30741864442825
zero_L730,47,11522500,1.0,12.629953384399414,-0.010077834129333496
zero_L730,47,12383500,0.8162650602409639,0.4728285074234009,-0.005764782428741455
zero_L730,47,12035000,1.0,22.182029724121094,0.027620255947113037
zero_L730,47,09404450,0.9989047097480832,71.53741455078125,16.885143876075745
zero_L730,47,02300700,1.0,24.9591121673584,0.7219610810279846
zero_L730,47,06280300,0.4372946330777656,5.110992431640625,0.02873629331588745
zero_L730,47,09513780,1.0,43.160099029541016,1.4649866223335266
zero_L730,47,03455500,0.9455093099671413,14.346208572387695,0.4066498875617981
zero_L730,47,09047700,0.5125958378970427,7.363588333129883,0.5853682160377502
zero_L730,47,12411000,0.6495071193866374,26.692033767700195,0.26685041189193726
zero_L730,47,14138870,1.0,20.862680435180664,0.11944544315338135
zero_L730,47,01434025,1.0,18.605871200561523,0.2478901743888855
zero_L730,47,08158810,1.0,238.89364624023438,0.25766825675964355
zero_L730,47,02363000,1.0,169.1448974609375,2.5724096298217773
zero_L730,47,10259000,1.0,78.697998046875,1.7796313762664795
zero_L730,47,04024430,0.9983570646221248,48.8601188659668,1.5951415300369263
zero_L1095,11,03364500,1.0,187.1007843017578,0.5753716826438904
zero_L1095,11,11230500,0.09802847754654984,6.673216819763184,0.020326077938079834
zero_L1095,11,11151300,0.9882256297918949,7.444211959838867,31.15997749567032
zero_L1095,11,07208500,0.9997261774370209,52.6054801940918,2.287824809551239
zero_L1095,11,12092000,0.9761774370208105,6.6274614334106445,-0.0028685927391052246
zero_L1095,11,06350000,0.9997261774370209,8.953094482421875,1.9346837997436523
zero_L1095,11,11475560,0.8332420591456736,127.04826354980469,0.02320784330368042
zero_L1095,11,08190500,1.0,13.702296257019043,64.66792368888855
zero_L1095,11,11522500,0.4427710843373494,19.80255699157715,0.03731048107147217
zero_L1095,11,12383500,0.45673603504928806,4.611334800720215,0.049379944801330566
zero_L1095,11,12035000,1.0,15.47516918182373,0.01339036226272583
zero_L1095,11,09404450,0.9422234392113911,6.8085455894470215,15.84837657213211
zero_L1095,11,02300700,1.0,78.34909057617188,0.6320838332176208
zero_L1095,11,06280300,0.3329682365826944,5.1551289558410645,-0.0012845396995544434
zero_L1095,11,09513780,0.9824753559693319,7.660618305206299,0.2689177989959717
zero_L1095,11,03455500,0.9786418400876232,17.116178512573242,0.2432512640953064
zero_L1095,11,09047700,0.609802847754655,25.243745803833008,5.47344446182251
zero_L1095,11,12411000,0.5191675794085433,53.79574203491211,0.06018233299255371
zero_L1095,11,14138870,1.0,61.62159729003906,0.07818847894668579
zero_L1095,11,01434025,0.9972617743702081,7.4249587059021,0.11275458335876465
zero_L1095,11,08158810,0.9972617743702081,113.80873107910156,0.29940265417099
zero_L1095,11,02363000,1.0,245.26034545898438,1.3948359489440918
zero_L1095,11,10259000,0.7880613362541073,7.564970970153809,0.869704008102417
zero_L1095,11,04024430,1.0,116.60301971435547,1.2380809783935547
zero_L1095,29,03364500,0.9997261774370209,110.33645629882812,0.856045126914978
zero_L1095,29,11230500,0.008214676889375685,8.193775177001953,0.00036776065826416016
zero_L1095,29,11151300,0.9255202628696605,5.605907440185547,7.048593699932098
zero_L1095,29,07208500,1.0,8.342089653015137,4.848511040210724
zero_L1095,29,12092000,1.0,12.979866027832031,0.00722193717956543
zero_L1095,29,06350000,1.0,121.90979766845703,4.266108572483063
zero_L1095,29,11475560,1.0,131.135986328125,-0.018272757530212402
zero_L1095,29,08190500,1.0,30.911832809448242,10.379394292831421
zero_L1095,29,11522500,0.3841730558598028,44.13017272949219,0.014682412147521973
zero_L1095,29,12383500,0.0035596933187294635,1.759131908416748,0.01086270809173584
zero_L1095,29,12035000,1.0,133.58628845214844,0.021183907985687256
zero_L1095,29,09404450,0.9526286966046003,49.139739990234375,-0.1733309030532837
zero_L1095,29,02300700,1.0,59.26169204711914,1.0124059915542603
zero_L1095,29,06280300,0.5955640744797371,9.256610870361328,0.06614816188812256
zero_L1095,29,09513780,0.9671412924424972,7.752676010131836,0.020148813724517822
zero_L1095,29,03455500,0.8975903614457831,166.15968322753906,0.5867270231246948
zero_L1095,29,09047700,1.0,35.75822448730469,2.650590419769287
zero_L1095,29,12411000,1.0,301.91943359375,0.25297820568084717
zero_L1095,29,14138870,1.0,147.46336364746094,0.15894949436187744
zero_L1095,29,01434025,0.9906900328587076,122.10902404785156,0.32332324981689453
zero_L1095,29,08158810,0.9909638554216867,65.7192153930664,0.5322636961936951
zero_L1095,29,02363000,0.9983570646221248,235.08306884765625,2.3020320534706116
zero_L1095,29,10259000,0.3326944140197152,3.533905267715454,0.04879796504974365
zero_L1095,29,04024430,1.0,33.03194808959961,2.0928988456726074
zero_L1095,47,03364500,1.0,187.21034240722656,0.7140741348266602
zero_L1095,47,11230500,0.0807776560788609,7.871754169464111,0.006186306476593018
zero_L1095,47,11151300,1.0,18.971797943115234,23.31981587409973
zero_L1095,47,07208500,0.9564622124863089,11.349857330322266,1.7860941886901855
zero_L1095,47,12092000,0.8042168674698795,7.1084160804748535,-0.0036514997482299805
zero_L1095,47,06350000,0.9994523548740416,33.524295806884766,9.82431036233902
zero_L1095,47,11475560,1.0,65.32621002197266,0.013698101043701172
zero_L1095,47,08190500,1.0,17.83177947998047,85.40244275331497
zero_L1095,47,11522500,1.0,12.628293991088867,-0.010056734085083008
zero_L1095,47,12383500,0.8162650602409639,0.29612720012664795,-0.001846909523010254
zero_L1095,47,12035000,1.0,22.182029724121094,0.027620255947113037
zero_L1095,47,09404450,0.9989047097480832,71.53813934326172,16.982183516025543
zero_L1095,47,02300700,1.0,24.95862579345703,0.7220931649208069
zero_L1095,47,06280300,0.4372946330777656,5.110992431640625,0.02879047393798828
zero_L1095,47,09513780,1.0,43.160099029541016,1.4922770857810974
zero_L1095,47,03455500,0.9455093099671413,14.346208572387695,0.40664851665496826
zero_L1095,47,09047700,0.5120481927710844,7.362053871154785,0.5856765508651733
zero_L1095,47,12411000,0.6495071193866374,26.69205093383789,0.26693499088287354
zero_L1095,47,14138870,1.0,20.862680435180664,0.11945343017578125
zero_L1095,47,01434025,1.0,18.605871200561523,0.2478901743888855
zero_L1095,47,08158810,1.0,238.89364624023438,0.25767087936401367
zero_L1095,47,02363000,1.0,169.14630126953125,2.574807047843933
zero_L1095,47,10259000,1.0,78.69448852539062,1.7894301414489746
zero_L1095,47,04024430,0.9983570646221248,48.8601188659668,1.5951380729675293
smax_L365,11,03364500,1.0,187.1007843017578,0.5753790736198425
smax_L365,11,11230500,0.10213581599123768,6.672444820404053,0.016597449779510498
smax_L365,11,11151300,0.9876779846659365,7.7385358810424805,24.550585567951202
smax_L365,11,07208500,0.9994523548740416,52.624210357666016,2.2572879791259766
smax_L365,11,12092000,0.9778203723986857,6.698966979980469,-0.00445324182510376
smax_L365,11,06350000,0.9997261774370209,8.953094482421875,2.313183009624481
smax_L365,11,11475560,0.8329682365826944,123.35369110107422,0.012047886848449707
smax_L365,11,08190500,1.0,13.702296257019043,55.594093918800354
smax_L365,11,11522500,0.4361993428258488,18.49594497680664,0.035122573375701904
smax_L365,11,12383500,0.45700985761226726,5.886113166809082,-0.029148876667022705
smax_L365,11,12035000,1.0,15.470210075378418,0.013394415378570557
smax_L365,11,09404450,0.9430449069003286,6.808534622192383,20.56104004383087
smax_L365,11,02300700,1.0,78.33739471435547,0.6171191930770874
smax_L365,11,06280300,0.3321467688937568,5.154984474182129,0.0026041269302368164
smax_L365,11,09513780,0.982749178532311,7.624955654144287,0.34364068508148193
smax_L365,11,03455500,0.9786418400876232,17.109169006347656,0.24324381351470947
smax_L365,11,09047700,0.6125410733844469,25.291271209716797,5.2781952023506165
smax_L365,11,12411000,0.5191675794085433,53.25225830078125,0.06239032745361328
smax_L365,11,14138870,1.0,61.57783126831055,0.07800042629241943
smax_L365,11,01434025,0.9972617743702081,7.424957275390625,0.1127578616142273
smax_L365,11,08158810,0.9969879518072289,113.80864715576172,0.2994565963745117
smax_L365,11,02363000,1.0,234.15924072265625,1.392745852470398
smax_L365,11,10259000,0.7740963855421686,7.607992649078369,1.0964420437812805
smax_L365,11,04024430,1.0,116.46894073486328,1.2373510599136353
smax_L365,29,03364500,0.9997261774370209,110.32604217529297,0.8562827706336975
smax_L365,29,11230500,0.0032858707557502738,8.18664264678955,0.00033026933670043945
smax_L365,29,11151300,0.9244249726177437,5.985509872436523,7.4378586411476135
smax_L365,29,07208500,1.0,8.342028617858887,4.847597241401672
smax_L365,29,12092000,1.0,12.995654106140137,-0.018595993518829346
smax_L365,29,06350000,1.0,121.90979766845703,4.782339632511139
smax_L365,29,11475560,1.0,128.6687469482422,-0.01911073923110962
smax_L365,29,08190500,1.0,30.911832809448242,10.98929214477539
smax_L365,29,11522500,0.37458926615553123,37.13254928588867,0.017262041568756104
smax_L365,29,12383500,0.009036144578313253,2.1303725242614746,-0.0013133883476257324
smax_L365,29,12035000,1.0,133.5893096923828,0.02118539810180664
smax_L365,29,09404450,0.9526286966046003,49.52825164794922,-0.1881433129310608
smax_L365,29,02300700,1.0,58.97138977050781,1.0028512477874756
smax_L365,29,06280300,0.595290251916758,9.260076522827148,0.06811630725860596
smax_L365,29,09513780,0.9671412924424972,7.7571797370910645,0.020194530487060547
smax_L365,29,03455500,0.8975903614457831,165.8391876220703,0.5866979360580444
smax_L365,29,09047700,1.0,35.79753112792969,2.6515581011772156
smax_L365,29,12411000,1.0,272.5939025878906,0.25715893507003784
smax_L365,29,14138870,1.0,147.54660034179688,0.1579480767250061
smax_L365,29,01434025,0.9906900328587076,122.10750579833984,0.3233233094215393
smax_L365,29,08158810,0.9909638554216867,64.56680297851562,0.5315690040588379
smax_L365,29,02363000,0.9978094194961665,230.17196655273438,2.2990840673446655
smax_L365,29,10259000,0.26478641840087624,3.4884493350982666,0.032933712005615234
smax_L365,29,04024430,1.0,32.92865753173828,2.093012809753418
smax_L365,47,03364500,1.0,187.23863220214844,0.712238073348999
smax_L365,47,11230500,0.0807776560788609,7.863931179046631,0.0051621198654174805
smax_L365,47,11151300,1.0,18.96922492980957,26.42162048816681
smax_L365,47,07208500,0.9564622124863089,11.3497896194458,1.7912623286247253
smax_L365,47,12092000,0.8083242059145673,7.131206512451172,-0.017549514770507812
smax_L365,47,06350000,0.9994523548740416,33.52429962158203,9.869825601577759
smax_L365,47,11475560,1.0,65.32209014892578,0.014274537563323975
smax_L365,47,08190500,1.0,17.83177947998047,88.11821013689041
smax_L365,47,11522500,1.0,11.878664016723633,-0.009961426258087158
smax_L365,47,12383500,0.8162650602409639,0.6275621652603149,-0.0021559596061706543
smax_L365,47,12035000,1.0,22.182029724121094,0.02763444185256958
smax_L365,47,09404450,0.9989047097480832,71.67798614501953,18.35462075471878
smax_L365,47,02300700,1.0,24.868135452270508,0.720035195350647
smax_L365,47,06280300,0.4375684556407448,5.110786437988281,0.03137409687042236
smax_L365,47,09513780,1.0,43.15974044799805,1.758428156375885
smax_L365,47,03455500,0.9455093099671413,14.346236228942871,0.40646034479141235
smax_L365,47,09047700,0.5150602409638554,7.257115364074707,0.603485643863678
smax_L365,47,12411000,0.6495071193866374,26.52115249633789,0.26784348487854004
smax_L365,47,14138870,1.0,20.827754974365234,0.11829161643981934
smax_L365,47,01434025,1.0,18.605871200561523,0.24789011478424072
smax_L365,47,08158810,1.0,238.89334106445312,0.26187461614608765
smax_L365,47,02363000,1.0,159.84671020507812,2.538111925125122
smax_L365,47,10259000,1.0,82.95047760009766,2.1056689023971558
smax_L365,47,04024430,0.9983570646221248,48.86024475097656,1.5945727229118347
